legalName,displayName,email,phone,birthDate,ageBand,city,stateCode,sport,position,school,level,gradYear,achievements,instagram,instagramFollowers,tiktok,tiktokFollowers,youtube,youtubeFollowers,x,xFollowers
Jalen Brooks,Jalen Brooks,sim.jalen.brooks@example.com,+1 410 555 0100,2007-12-05,,Baltimore,MD,Basketball,Center,Chesapeake State University,COLLEGE,2026,"Conference freshman of the year, State semifinalist",@jalenbrooks,25296,@jalenbrooks.basketball,87403,,,,
Maya Okafor,Maya Okafor,sim.maya.okafor@example.com,+1 410 555 0101,2004-08-18,,Silver Spring,MD,Football,Quarterback,Capital City University,COLLEGE,2026,"State semifinalist, Team captain",@mayaokafor,18615,,,,,,
Darius Whitfield,Darius Whitfield,sim.darius.whitfield@example.com,+1 410 555 0102,2004-08-25,,Annapolis,MD,Soccer,Forward,Chesapeake State University,COLLEGE,2026,"State semifinalist, Conference freshman of the year",@dariuswhitfield,15610,@dariuswhitfield.soccer,12138,,,,
Ava Ramirez,Ava Ramirez,sim.ava.ramirez@example.com,+1 410 555 0103,,16_17,College Park,MD,Volleyball,Setter,Fairlakes High,HIGH_SCHOOL,2028,"Conference freshman of the year, Two-time all-region",@avaramirez,19355,,,,,,
Marcus Coleman,Marcus Coleman,sim.marcus.coleman@example.com,+1 410 555 0104,2006-07-21,,Columbia,MD,Track & Field,Long jump,Chesapeake State University,COLLEGE,2029,"All-conference 2025, School record holder",@marcuscoleman,19120,,,,,,
Sofia Nguyen,Sofia Nguyen,sim.sofia.nguyen@example.com,+1 410 555 0105,2006-07-17,,Arlington,VA,Lacrosse,Attack,Potomac Valley High,HIGH_SCHOOL,2027,"Two-time all-region, All-conference 2025",@sofianguyen,33139,@sofianguyen.lacrosse,60564,,,,
Tyrese Harris,Tyrese Harris,sim.tyrese.harris@example.com,+1 410 555 0106,2005-02-05,,Alexandria,VA,Softball,Shortstop,Potomac University,COLLEGE,2027,"All-conference 2025, Two-time all-region",@tyreseharris,21541,,,,,,
Leah Patel,Leah Patel,sim.leah.patel@example.com,+1 410 555 0107,2006-11-20,,Richmond,VA,Wrestling,197 lb,Capital City University,COLLEGE,2029,"Team captain, Conference freshman of the year",@leahpatel,15591,,,,,,
Elijah Grant,Elijah Grant,sim.elijah.grant@example.com,+1 410 555 0108,,16_17,Fairfax,VA,Basketball,Center,Harbor Point Academy,HIGH_SCHOOL,2028,"Conference freshman of the year, School record holder",@elijahgrant,2545,@elijahgrant.basketball,8687,,,,
Nia Mensah,Nia Mensah,sim.nia.mensah@example.com,+1 410 555 0109,2003-08-11,,Washington,DC,Football,Linebacker,Chesapeake State University,COLLEGE,2029,"State semifinalist, School record holder",@niamensah,1204,@niamensah.football,80487,,,,
Caleb Foster,Caleb Foster,sim.caleb.foster@example.com,+1 410 555 0110,2002-11-10,,Baltimore,MD,Soccer,Defender,Potomac University,COLLEGE,2027,"Two-time all-region, All-conference 2025",@calebfoster,34906,,,,,,
Imani Reyes,Imani Reyes,sim.imani.reyes@example.com,+1 410 555 0111,2006-11-01,,Silver Spring,MD,Volleyball,Setter,Potomac Valley High,HIGH_SCHOOL,2028,"All-conference 2025, Two-time all-region",@imanireyes,34064,@imanireyes.volleyball,8723,,,,
Andre Tate,Andre Tate,sim.andre.tate@example.com,+1 410 555 0112,2007-05-18,,Annapolis,MD,Track & Field,Sprinter,Chesapeake State University,COLLEGE,2026,"All-conference 2025, School record holder",@andretate,39975,@andretate.track,29255,,,,
Grace Bishop,Grace Bishop,sim.grace.bishop@example.com,+1 410 555 0113,,16_17,College Park,MD,Lacrosse,Attack,Severn Ridge High,HIGH_SCHOOL,2028,"Conference freshman of the year, Two-time all-region",@gracebishop,8300,,,,,,
Xavier Lawson,Xavier Lawson,sim.xavier.lawson@example.com,+1 410 555 0114,2005-06-21,,Columbia,MD,Softball,Shortstop,Capital City University,COLLEGE,2027,"Two-time all-region, Conference freshman of the year",@xavierlawson,4870,,,,,,
Priya Iyer,Priya Iyer,sim.priya.iyer@example.com,+1 410 555 0115,2004-06-04,,Arlington,VA,Wrestling,197 lb,Capital City University,COLLEGE,2027,"All-conference 2025, Team captain",@priyaiyer,33282,,,,,,
Malik Bennett,Malik Bennett,sim.malik.bennett@example.com,+1 410 555 0116,2004-07-19,,Alexandria,VA,Basketball,Forward,Tidewater Tech,COLLEGE,2028,"Conference freshman of the year, State semifinalist",@malikbennett,12230,,,,,,
Chloe Chambers,Chloe Chambers,sim.chloe.chambers@example.com,+1 410 555 0117,2002-03-21,,Richmond,VA,Football,Linebacker,Severn Ridge High,HIGH_SCHOOL,2027,"All-conference 2025, School record holder",@chloechambers,22170,@chloechambers.football,3118,,,,
Devin Price,Devin Price,sim.devin.price@example.com,+1 410 555 0118,,16_17,Fairfax,VA,Soccer,Forward,Rock Creek Prep,HIGH_SCHOOL,2028,"All-conference 2025, Team captain",@devinprice,14321,@devinprice.soccer,55054,,,,
Aaliyah Osei,Aaliyah Osei,sim.aaliyah.osei@example.com,+1 410 555 0119,2005-07-18,,Washington,DC,Volleyball,Libero,Potomac University,COLLEGE,2027,"All-conference 2025, Conference freshman of the year",@aaliyahosei,16896,,,,,,
Isaiah Warren,Isaiah Warren,sim.isaiah.warren@example.com,+1 410 555 0120,2004-04-25,,Baltimore,MD,Track & Field,Long jump,Chesapeake State University,COLLEGE,2026,"School record holder, Conference freshman of the year",@isaiahwarren,25253,@isaiahwarren.track,42696,,,,
Zoe Kim,Zoe Kim,sim.zoe.kim@example.com,+1 410 555 0121,2005-04-07,,Silver Spring,MD,Lacrosse,Attack,Capital City University,COLLEGE,2026,"School record holder, All-conference 2025",@zoekim,27829,@zoekim.lacrosse,45076,,,,
Jordan Hayes,Jordan Hayes,sim.jordan.hayes@example.com,+1 410 555 0122,2004-12-15,,Annapolis,MD,Softball,Pitcher,Chesapeake State University,COLLEGE,2027,"State semifinalist, Conference freshman of the year",@jordanhayes,26643,@jordanhayes.softball,70073,,,,
Kayla Dixon,Kayla Dixon,sim.kayla.dixon@example.com,+1 410 555 0123,,16_17,College Park,MD,Wrestling,165 lb,Severn Ridge High,HIGH_SCHOOL,2027,"All-conference 2025, School record holder",@kayladixon,29514,@kayladixon.wrestling,41829,,,,
Omar Farouk,Omar Farouk,sim.omar.farouk@example.com,+1 410 555 0124,2005-03-24,,Columbia,MD,Basketball,Guard,Chesapeake State University,COLLEGE,2029,"School record holder, Conference freshman of the year",@omarfarouk,36777,@omarfarouk.basketball,14211,,,,
